"","RecipeId","Quantity"
"1",2,2
"2",6,2
"3",7,2
"4",8,2
"5",9,6
"6",10,2
"7",11,2
"8",12,2
"9",13,2
"10",14,6
"11",15,2
"12",16,2
"13",17,2
"14",18,2
"15",19,6
"16",20,2
"17",21,2
"18",22,2
"19",23,2
"20",24,6
"21",25,2
"22",26,2
"23",27,2
"24",28,2
"25",29,6
"26",30,2
"27",31,2
"28",32,2
"29",33,2
"30",34,6
"31",35,2
"32",36,2
"33",37,2
"34",38,2
"35",39,6
"36",40,2
"37",41,2
"38",42,2
"39",43,2
"40",44,6
"41",45,2
"42",46,2
"43",47,2
"44",48,2
"45",49,6
"46",50,2
"47",51,2
"48",52,2
"49",53,2
"50",54,6
"51",55,2
"52",56,2
"53",57,2
"54",58,2
"55",59,6
"56",60,2
"57",61,2
"58",62,2
"59",63,2
"60",64,6
"61",65,2
"62",66,2
"63",67,2
"64",68,2
"65",69,6
"66",75,2
"67",76,2
"68",77,2
"69",78,2
"70",79,6
"71",80,0
"72",93,2
"73",94,2
"74",95,2
"75",96,2
"76",97,6
"77",98,0
"78",99,0
"79",100,0
"80",101,0
"81",102,2
"82",103,2
"83",104,2
"84",105,2
"85",106,6
"86",107,2
"87",108,2
"88",109,2
"89",110,2
"90",111,6
"91",112,2
"92",113,2
"93",114,2
"94",115,2
"95",116,6
"96",117,2
"97",118,2
"98",119,2
"99",120,2
"100",121,6
"101",161,2
"102",162,2
"103",163,2
"104",164,2
"105",165,6
"106",166,2
"107",167,2
"108",168,2
"109",169,2
"110",170,6
"111",171,2
"112",172,2
"113",173,2
"114",174,2
"115",175,6
"116",198,2
"117",199,2
"118",200,2
"119",201,2
"120",202,6
"121",203,2
"122",204,2
"123",205,2
"124",206,2
"125",207,2
"126",208,2
"127",209,2
"128",210,2
"129",211,6
"130",212,2
"131",213,2
"132",214,2
"133",215,2
"134",216,6
"135",217,0
"136",218,2
"137",219,2
"138",220,2
"139",221,2
"140",222,6
"141",223,2
"142",224,2
"143",225,2
"144",226,2
"145",227,6
"146",228,2
"147",229,2
"148",230,2
"149",231,2
"150",232,6
"151",233,2
"152",234,2
"153",235,2
"154",236,2
"155",237,6
"156",238,2
"157",239,2
"158",240,2
"159",241,2
"160",242,6
"161",243,2
"162",244,2
"163",245,2
"164",246,2
"165",247,6
"166",248,2
"167",249,2
"168",250,2
"169",251,2
"170",252,2
"171",253,2
"172",254,2
"173",255,2
"174",256,6
"175",257,2
"176",258,2
"177",259,2
"178",260,2
"179",261,6
"180",262,2
"181",263,2
"182",264,2
"183",265,2
"184",266,6
"185",267,2
"186",268,2
"187",269,2
"188",270,2
"189",271,6
"190",273,2
"191",274,2
"192",275,2
"193",276,2
"194",277,6
"195",282,2
"196",283,2
"197",284,2
"198",285,2
"199",286,6
"200",287,2
"201",288,2
"202",289,2
"203",290,2
"204",291,6
"205",295,2
"206",296,2
"207",297,2
"208",298,2
"209",299,6
"210",307,2
"211",308,2
"212",309,2
"213",310,2
"214",311,2
"215",312,2
"216",313,2
"217",314,2
"218",315,2
"219",316,2
"220",317,2
"221",318,2
"222",319,6
"223",320,2
"224",321,2
"225",322,2
"226",323,2
"227",324,2
"228",325,2
"229",326,2
"230",327,6
"231",329,2
"232",330,2
"233",331,2
"234",332,2
"235",333,6
"236",345,2
"237",346,2
"238",347,2
"239",348,2
"240",349,6
"241",350,2
"242",358,2
"243",359,2
"244",360,2
"245",361,2
"246",362,6
"247",363,2
"248",364,2
"249",365,2
"250",366,2
"251",368,2
"252",369,2
"253",370,2
"254",371,2
"255",372,6
"256",373,0
"257",374,2
"258",375,2
"259",376,2
"260",377,2
"261",378,2
"262",379,6
"263",380,0
"264",381,2
"265",386,2
"266",387,2
"267",388,2
"268",389,2
"269",390,6
"270",391,2
"271",392,2
"272",393,2
"273",394,2
"274",395,6
"275",396,2
"276",397,2
"277",398,2
"278",399,2
"279",400,6
"280",401,2
"281",402,2
"282",403,2
"283",404,2
"284",405,2
"285",406,6
"286",407,2
"287",408,2
"288",409,2
"289",410,2
"290",411,6
"291",412,2
"292",413,2
"293",414,2
"294",415,2
"295",416,6
"296",417,2
"297",418,2
"298",419,2
"299",420,2
"300",421,6
"301",422,2
"302",423,2
"303",424,2
"304",425,2
"305",426,6
"306",427,2
"307",428,2
"308",429,2
"309",430,2
"310",431,6
"311",432,2
"312",433,2
"313",434,2
"314",435,2
"315",436,6
"316",437,2
"317",438,2
"318",439,2
"319",440,2
"320",441,6
"321",442,2
"322",443,2
"323",444,2
"324",445,2
"325",446,2
"326",447,6
"327",448,2
"328",449,2
"329",450,2
"330",451,2
"331",452,6
"332",453,2
"333",454,2
"334",455,2
"335",456,2
"336",457,6
"337",468,2
"338",469,2
"339",470,2
"340",471,2
"341",472,6
"342",473,2
"343",630,2
"344",631,2
"345",632,2
"346",633,2
"347",634,6
"348",666,2
"349",667,2
"350",668,2
"351",669,6
"352",679,2
"353",680,2
"354",681,2
"355",682,6
"356",683,2
"357",687,0
"358",688,0
"359",689,0
"360",690,0
"361",696,2
"362",697,2
"363",698,2
"364",699,2
"365",700,6
"366",701,2
"367",704,6
"368",705,6
"369",706,2
"370",707,2
"371",708,18
"372",742,4
"373",757,2
"374",758,2
"375",759,2
"376",760,2
"377",761,6
"378",766,2
"379",767,2
"380",768,2
"381",769,2
"382",770,6
"383",774,2
"384",775,2
"385",776,2
"386",777,2
"387",778,6
"388",784,2
"389",785,2
"390",786,2
"391",787,2
"392",788,6
"393",789,2
"394",794,2
"395",795,2
"396",796,2
"397",797,2
"398",798,2
"399",799,2
"400",800,2
"401",801,6
"402",802,2
"403",822,2
"404",823,2
"405",824,0
"406",825,2
"407",826,6
"408",827,6
"409",828,2
"410",829,2
"411",830,2
"412",831,2
"413",832,6
"414",833,2
"415",836,2
"416",837,2
"417",838,2
"418",839,2
"419",840,6
"420",844,2
"421",845,2
"422",846,2
"423",847,2
"424",848,6
"425",849,0
"426",850,2
"427",878,2
"428",879,2
"429",880,2
"430",881,2
"431",882,6
"432",896,2
"433",897,2
"434",898,2
"435",899,2
"436",900,6
"437",901,2
"438",902,2
"439",903,2
"440",904,2
"441",905,6
"442",906,2
"443",907,2
"444",908,2
"445",909,2
"446",910,6
"447",913,2
"448",914,2
"449",915,2
"450",916,2
"451",917,6
"452",918,2
"453",919,2
"454",920,2
"455",921,2
"456",922,6
"457",923,2
"458",924,2
"459",925,2
"460",926,2
"461",927,6
"462",935,2
"463",936,2
"464",937,2
"465",938,2
"466",939,6
"467",944,0
"468",945,0
"469",946,0
"470",959,12
"471",960,24
"472",961,10
"473",976,10
"474",977,10
"475",978,10
"476",1043,10
"477",1044,10
"478",1049,2
"479",1050,2
"480",1051,2
"481",1052,2
"482",1053,6
"483",1054,0
"484",1055,2
"485",1071,0
"486",1072,2
"487",1075,0
"488",1078,0
"489",1079,2
"490",1080,0
"491",1081,2
"492",1093,2
"493",1094,2
"494",1095,2
"495",1096,2
"496",1097,6
"497",1098,0
"498",1103,2
"499",1104,2
"500",1105,2
"501",1106,2
"502",1107,6
"503",1110,2
"504",1111,2
"505",1112,2
"506",1113,2
"507",1114,6
"508",1115,0
"509",1118,2
"510",1119,2
"511",1120,2
"512",1121,2
"513",1122,6
"514",1125,2
"515",1126,2
"516",1127,2
"517",1128,2
"518",1129,6
"519",1141,2
"520",1142,2
"521",1143,2
"522",1144,2
"523",1145,6
"524",1146,2
"525",1149,2
"526",1150,2
"527",1151,2
"528",1152,2
"529",1153,6
"530",1162,2
"531",1163,2
"532",1164,2
"533",1165,2
"534",1166,6
"535",1172,2
"536",1173,2
"537",1174,2
"538",1175,2
"539",1176,6
"540",1179,2
"541",1180,2
"542",1181,2
"543",1182,2
"544",1183,6
"545",1184,0
"546",1185,2
"547",1190,0
"548",1191,2
"549",1193,0
"550",1194,2
"551",1195,2
"552",1196,2
"553",1197,2
"554",1198,6
"555",1199,0
"556",1200,2
"557",1201,2
"558",1202,2
"559",1203,2
"560",1204,2
"561",1205,6
"562",1213,2
"563",1214,2
"564",1215,2
"565",1216,2
"566",1217,6
"567",1220,5
"568",1229,2
"569",1230,2
"570",1231,2
"571",1232,2
"572",1233,6
"573",1236,0
"574",1237,2
"575",1238,2
"576",1239,2
"577",1240,2
"578",1241,6
"579",1244,2
"580",1245,2
"581",1246,2
"582",1247,2
"583",1248,6
"584",1249,2
"585",1250,2
"586",1251,2
"587",1252,2
"588",1253,6
"589",1256,2
"590",1257,2
"591",1258,2
"592",1259,2
"593",1260,6
"594",1263,2
"595",1264,2
"596",1265,2
"597",1266,2
"598",1267,6
"599",1270,2
"600",1271,2
"601",1272,2
"602",1273,2
"603",1274,6
"604",1277,0
"605",1278,2
"606",1282,2
"607",1283,2
"608",1284,2
"609",1285,2
"610",1286,6
"611",1289,2
"612",1290,2
"613",1291,2
"614",1292,2
"615",1293,6
"616",1294,2
"617",1309,2
"618",1310,2
"619",1311,2
"620",1312,2
"621",1313,6
"622",1314,2
"623",1317,2
"624",1318,2
"625",1319,2
"626",1320,2
"627",1321,6
"628",1322,2
"629",1325,2
"630",1326,2
"631",1327,2
"632",1328,2
"633",1329,6
"634",1330,0
"635",1331,2
"636",1334,2
"637",1335,2
"638",1336,2
"639",1337,2
"640",1338,6
"641",1339,2
"642",1342,2
"643",1343,2
"644",1344,2
"645",1345,2
"646",1346,6
"647",1347,0
"648",1348,2
"649",1371,0
"650",1372,2
"651",1373,2
"652",1374,2
"653",1375,2
"654",1376,6
"655",1390,2
"656",1391,2
"657",1392,2
"658",1393,2
"659",1394,6
"660",1397,2
"661",1398,2
"662",1399,2
"663",1400,2
"664",1401,6
"665",1404,2
"666",1405,2
"667",1406,2
"668",1407,2
"669",1408,6
"670",1415,2
"671",1416,2
"672",1417,2
"673",1418,2
"674",1419,6
"675",1420,0
"676",1421,2
"677",1424,2
"678",1425,2
"679",1426,2
"680",1427,6
"681",1428,0
"682",1429,2
"683",1432,2
"684",1433,2
"685",1434,2
"686",1435,2
"687",1436,6
"688",1437,0
"689",1438,2
"690",1444,2
"691",1445,2
"692",1446,2
"693",1447,2
"694",1448,6
"695",1449,0
"696",1450,2
"697",1456,2
"698",1457,2
"699",1458,2
"700",1459,2
"701",1460,6
"702",1461,0
"703",1462,2
"704",1468,2
"705",1469,2
"706",1470,2
"707",1471,2
"708",1472,6
"709",1473,0
"710",1474,2
"711",1475,2
"712",1476,2
"713",1477,2
"714",1478,2
"715",1479,6
"716",1484,2
"717",1485,2
"718",1486,2
"719",1487,2
"720",1488,6
"721",1489,0
"722",1490,2
"723",1493,2
"724",1494,2
"725",1495,2
"726",1496,2
"727",1497,6
"728",1500,2
"729",1501,2
"730",1502,2
"731",1503,2
"732",1504,6
"733",1507,2
"734",1508,2
"735",1509,2
"736",1510,2
"737",1511,6
"738",1512,0
"739",1515,2
"740",1516,2
"741",1517,2
"742",1518,2
"743",1519,6
"744",1520,0
"745",1521,2
"746",1526,2
"747",1527,2
"748",1528,2
"749",1529,2
"750",1530,6
"751",1533,2
"752",1534,2
"753",1535,2
"754",1536,2
"755",1537,6
"756",1538,0
"757",1543,0
"758",1544,2
"759",1545,2
"760",1546,2
"761",1547,2
"762",1548,6
"763",1549,0
"764",1550,2
"765",1553,2
"766",1554,2
"767",1555,2
"768",1556,2
"769",1557,6
"770",1558,0
"771",1559,2
"772",1562,2
"773",1563,2
"774",1564,2
"775",1565,2
"776",1566,6
"777",1567,0
"778",1568,2
"779",1573,2
"780",1574,2
"781",1575,2
"782",1576,2
"783",1577,6
"784",1578,0
"785",1583,2
"786",1675,2
"787",1676,2
"788",1677,2
"789",1678,2
"790",1679,2
"791",1680,2
"792",1681,2
"793",1682,2
"794",1683,2
"795",1684,2
"796",1685,2
"797",1686,2
"798",1687,2
"799",1688,2
"800",1689,2
"801",1690,2
"802",1691,2
"803",1692,2
"804",1693,2
"805",1694,2
"806",1695,2
"807",1696,6
"808",1699,2
"809",1714,2
"810",1715,2
"811",1716,2
"812",1717,2
"813",1718,6
"814",1719,0
"815",1720,2
"816",1721,2
"817",1722,2
"818",1723,2
"819",1724,2
"820",1725,2
"821",1726,6
"822",1727,0
"823",1728,2
"824",1729,2
"825",1730,2
"826",1731,2
"827",1732,2
"828",1733,2
"829",1734,6
"830",1735,0
"831",1736,2
"832",1737,2
"833",1738,2
"834",1739,2
"835",1740,2
"836",1741,2
"837",1742,6
"838",1743,0
"839",1744,2
"840",1745,2
"841",1750,2
"842",1751,2
"843",1752,2
"844",1753,2
"845",1754,6
"846",1755,2
"847",1756,2
"848",1757,2
"849",1758,2
"850",1759,6
"851",1760,0
"852",1761,2
"853",1762,2
"854",1768,2
"855",1769,2
"856",1770,2
"857",1771,2
"858",1772,6
"859",1777,2
"860",1778,5
"861",1784,2
"862",1785,2
"863",1786,2
"864",1787,2
"865",1788,0
"866",1789,2
"867",1795,2
"868",1796,2
"869",1797,2
"870",1798,2
"871",1799,2
"872",1800,6
"873",1802,2
"874",1803,2
"875",1804,2
"876",1805,2
"877",1806,2
"878",1807,6
"879",1815,1
"880",1816,1
"881",1817,1
"882",1818,1
"883",1819,1
"884",1820,10
"885",1823,2
"886",1824,2
"887",1825,2
"888",1826,6
"889",1827,2
"890",1828,2
"891",1831,12
"892",1832,10
"893",1834,6
"894",1835,2
"895",1836,2
"896",1837,2
"897",1838,2
"898",1839,6
"899",1842,2
"900",1843,2
"901",1844,2
"902",1845,2
"903",1846,2
"904",1847,6
"905",1848,0
"906",1849,2
"907",1854,2
"908",1867,2
"909",1884,2
"910",1885,2
"911",1886,2
"912",1887,2
"913",1888,2
"914",1889,2
"915",1890,2
"916",1891,2
"917",1894,0
"918",1895,2
"919",1896,2
"920",1897,2
"921",1898,2
"922",1899,6
"923",1902,2
"924",1903,2
"925",1904,2
"926",1905,2
"927",1906,6
"928",1909,2
"929",1910,2
"930",1911,2
"931",1912,2
"932",1913,6
"933",1916,2
"934",1917,2
"935",1918,2
"936",1919,2
"937",1920,6
"938",1921,2
"939",1930,2
"940",1931,2
"941",1932,2
"942",1933,2
"943",1934,2
"944",1935,2
"945",1939,2
"946",1940,2
"947",1941,2
"948",1942,2
"949",1943,6
"950",1956,2
"951",1960,2
"952",1961,2
"953",1962,2
"954",1963,2
"955",1964,2
"956",1969,2
"957",1972,2
"958",1973,2
"959",1974,2
"960",1975,2
"961",1976,2
"962",1977,6
"963",1980,2
"964",1981,2
"965",1982,2
"966",1983,2
"967",1984,2
"968",1985,6
"969",1988,2
"970",1989,2
"971",1990,2
"972",1991,2
"973",1992,6
"974",1995,2
"975",1996,2
"976",1997,2
"977",1998,2
"978",1999,6
"979",2002,2
"980",2003,2
"981",2004,2
"982",2005,2
"983",2006,0
"984",2007,2
"985",2008,6
"986",2021,2
"987",2022,2
"988",2023,2
"989",2024,2
"990",2025,6
"991",2237,24
"992",2241,2
"993",2242,2
"994",2243,2
"995",2244,2
"996",2245,6
"997",2251,2
"998",2252,2
"999",2253,2
"1000",2254,2
"1001",2255,6
"1002",2314,10
"1003",2315,10
"1004",2316,10
"1005",2327,2
"1006",2445,2
"1007",2530,6
"1008",2610,2
"1009",2690,2
"1010",2691,2
"1011",2692,2
"1012",2693,2
"1013",2694,2
"1014",2695,2
"1015",2696,2
"1016",2697,2
"1017",2698,2
"1018",2699,2
"1019",2700,2
"1020",2701,2
"1021",2702,2
"1022",2703,2
"1023",2704,2
"1024",2705,2
"1025",2706,2
"1026",2707,2
"1027",2708,2
"1028",2709,2
"1029",2710,2
"1030",2711,2
"1031",2712,2
"1032",2713,2
"1033",2714,2
"1034",2731,2
"1035",2732,2
"1036",2733,2
"1037",2734,2
"1038",2735,2
"1039",2736,2
"1040",2737,2
"1041",2738,2
"1042",2739,2
"1043",2740,2
"1044",2741,2
"1045",2742,2
"1046",2743,2
"1047",2744,2
"1048",2745,2
"1049",2746,2
"1050",2747,2
"1051",2764,2
"1052",2765,2
"1053",2766,2
"1054",2767,2
"1055",2768,6
"1056",2784,2
"1057",2785,2
"1058",2786,2
"1059",2787,2
"1060",2788,6
"1061",2794,2
"1062",2795,2
"1063",2796,2
"1064",2797,2
"1065",2798,6
"1066",2802,2
"1067",2812,2
"1068",2813,2
"1069",2814,2
"1070",2815,2
"1071",2816,6
"1072",2822,2
"1073",2823,2
"1074",2824,2
"1075",2825,2
"1076",2826,6
"1077",2832,2
"1078",2833,2
"1079",2834,2
"1080",2835,2
"1081",2836,6
"1082",2847,2
"1083",2848,2
"1084",2849,2
"1085",2850,6
"1086",2856,2
"1087",2866,2
"1088",2868,2
"1089",2869,2
"1090",2870,2
"1091",2871,2
"1092",2872,2
"1093",2873,2
"1094",2874,2
"1095",2875,6
"1096",2876,2
"1097",2877,2
"1098",2878,2
"1099",2879,2
"1100",2880,2
"1101",2881,2
"1102",2882,2
"1103",2883,2
"1104",2884,2
"1105",2885,2
"1106",2886,2
"1107",2888,2
"1108",2889,2
"1109",2890,2
"1110",2891,2
"1111",2892,2
"1112",2893,2
"1113",2894,2
"1114",2895,2
"1115",2896,2
"1116",2897,2
"1117",2898,2
"1118",2899,2
"1119",2900,2
"1120",2901,2
"1121",2914,2
"1122",2915,2
"1123",3176,2
"1124",3177,2
"1125",3178,2
"1126",3179,2
"1127",3180,2
"1128",3181,2
"1129",3182,2
"1130",3207,2
"1131",3208,2
"1132",3209,2
"1133",3210,2
"1134",3211,2
"1135",3212,0
"1136",3213,2
"1137",3214,6
"1138",3227,2
"1139",3228,2
"1140",3229,0
"1141",3230,2
"1142",3231,2
"1143",3232,0
"1144",3233,2
"1145",3234,2
"1146",3235,0
"1147",3236,2
"1148",3237,2
"1149",3238,0
"1150",3239,2
"1151",3240,2
"1152",3241,2
"1153",3242,2
"1154",3243,0
"1155",3244,2
"1156",3245,2
"1157",3246,0
"1158",3247,2
"1159",3248,2
"1160",3249,2
"1161",3250,2
"1162",3251,2
"1163",3252,0
"1164",3253,2
"1165",3254,2
"1166",3255,0
"1167",3262,2
"1168",3263,2
"1169",3264,0
"1170",3265,2
"1171",3266,2
"1172",3267,0
"1173",3268,2
"1174",3269,2
"1175",3270,0
"1176",3271,2
"1177",3272,2
"1178",3273,0
"1179",3274,2
"1180",3275,0
"1181",3276,2
"1182",3277,2
"1183",3278,0
"1184",3279,2
"1185",3280,2
"1186",3281,0
"1187",3282,2
"1188",3283,2
"1189",3284,0
"1190",3285,2
"1191",3286,2
"1192",3287,0
"1193",3304,10
"1194",3305,2
"1195",3385,2
"1196",3386,2
"1197",3387,2
"1198",3388,2
"1199",3389,6
"1200",3390,2
"1201",3391,2
"1202",3392,2
"1203",3393,2
"1204",3394,6
"1205",3395,2
"1206",3396,2
"1207",3397,2
"1208",3398,2
"1209",3399,6
"1210",3400,2
"1211",3401,2
"1212",3402,2
"1213",3403,2
"1214",3404,6
"1215",3405,2
"1216",3406,2
"1217",3407,2
"1218",3408,2
"1219",3409,6
"1220",3410,2
"1221",3411,2
"1222",3412,2
"1223",3413,2
"1224",3414,6
"1225",3415,2
"1226",3416,2
"1227",3417,2
"1228",3418,2
"1229",3419,6
"1230",3423,2
"1231",3424,2
"1232",3425,2
"1233",3426,2
"1234",3427,2
"1235",3428,2
"1236",3429,6
"1237",3430,2
"1238",3431,2
"1239",3432,2
"1240",3433,2
"1241",3434,6
"1242",3435,2
"1243",3436,2
"1244",3437,2
"1245",3438,2
"1246",3439,6
"1247",3440,2
"1248",3441,2
"1249",3442,2
"1250",3443,2
"1251",3444,6
"1252",3449,2
"1253",3450,2
"1254",3451,2
"1255",3452,2
"1256",3453,6
"1257",3472,4
"1258",3510,2
"1259",3512,2
"1260",3513,2
"1261",3514,2
"1262",3515,2
"1263",3516,2
"1264",3517,2
"1265",3518,6
"1266",3519,2
"1267",3520,2
"1268",3521,2
"1269",3522,2
"1270",3523,6
"1271",3524,2
"1272",3525,2
"1273",3526,2
"1274",3527,2
"1275",3528,2
"1276",3529,2
"1277",3530,6
"1278",3531,2
"1279",3532,2
"1280",3533,2
"1281",3534,2
"1282",3535,2
"1283",3536,2
"1284",3537,6
"1285",3540,2
"1286",3541,4
"1287",3543,14
"1288",3552,22
"1289",3553,6
"1290",3554,0
"1291",3555,0
"1292",3556,0
"1293",3557,0
"1294",3558,0
"1295",3644,2
"1296",3645,2
"1297",3646,2
"1298",3647,2
"1299",3648,6
"1300",3651,2
"1301",3652,2
"1302",3653,2
"1303",3654,2
"1304",3655,2
"1305",3656,2
"1306",3657,6
"1307",3670,2
"1308",3671,2
"1309",3672,2
"1310",3673,2
"1311",3674,6
"1312",3680,2
"1313",3681,2
"1314",3682,2
"1315",3683,2
"1316",3684,2
"1317",3685,0
"1318",3686,2
"1319",3687,6
"1320",3688,2
"1321",3689,2
"1322",3690,2
"1323",3691,2
"1324",3692,2
"1325",3693,0
"1326",3694,2
"1327",3695,6
"1328",3697,2
"1329",3699,2
"1330",3700,2
"1331",3701,0
"1332",3702,2
"1333",3703,6
"1334",3705,2
"1335",3707,2
"1336",3708,2
"1337",3709,0
"1338",3710,2
"1339",3711,6
"1340",3712,2
"1341",3713,2
"1342",3714,2
"1343",3715,2
"1344",3716,2
"1345",3717,0
"1346",3718,2
"1347",3719,6
"1348",3720,2
"1349",3721,2
"1350",3722,2
"1351",3723,2
"1352",3724,2
"1353",3725,0
"1354",3726,2
"1355",3727,6
"1356",3729,2
"1357",3731,2
"1358",3732,2
"1359",3733,0
"1360",3734,2
"1361",3735,6
"1362",3736,2
"1363",3737,2
"1364",3738,2
"1365",3739,2
"1366",3740,2
"1367",3741,0
"1368",3742,2
"1369",3743,6
"1370",3744,2
"1371",3745,2
"1372",3746,2
"1373",3747,2
"1374",3748,2
"1375",3749,0
"1376",3750,2
"1377",3751,6
"1378",3752,2
"1379",3753,2
"1380",3754,2
"1381",3755,2
"1382",3756,2
"1383",3757,0
"1384",3758,2
"1385",3759,6
"1386",3760,2
"1387",3761,2
"1388",3762,2
"1389",3763,2
"1390",3764,2
"1391",3765,0
"1392",3766,2
"1393",3767,6
"1394",3769,2
"1395",3771,2
"1396",3772,2
"1397",3773,0
"1398",3774,2
"1399",3775,6
"1400",3878,2
"1401",3879,2
"1402",3880,2
"1403",3881,2
"1404",3882,2
"1405",3883,0
"1406",3884,2
"1407",3885,6
"1408",3890,2
"1409",3891,2
"1410",3892,2
"1411",3893,2
"1412",3894,2
"1413",3895,2
"1414",3896,6
"1415",3901,2
"1416",3902,2
"1417",3903,2
"1418",3904,2
"1419",3905,6
"1420",3911,2
"1421",3912,2
"1422",3913,2
"1423",3914,2
"1424",3915,2
"1425",3916,2
"1426",3917,6
"1427",3923,2
"1428",3924,2
"1429",3925,2
"1430",3926,0
"1431",3927,2
"1432",3928,6
"1433",3938,2
"1434",3939,2
"1435",3940,2
"1436",3941,0
"1437",3942,2
"1438",3943,6
"1439",3967,2
"1440",3968,2
"1441",3969,2
"1442",3970,2
"1443",3971,6
"1444",3982,0
"1445",3983,0
"1446",3984,0
"1447",3985,0
"1448",3986,0
"1449",3987,0
"1450",3988,0
"1451",3989,0
"1452",3990,0
"1453",4283,4
"1454",4332,10
"1455",4333,14
"1456",4334,26
"1457",4341,2
"1458",4343,2
"1459",4344,2
"1460",4345,2
"1461",4346,6
"1462",4347,2
"1463",4349,2
"1464",4350,2
"1465",4351,2
"1466",4352,6
"1467",4354,2
"1468",4356,2
"1469",4357,2
"1470",4358,2
"1471",4359,6
"1472",4360,2
"1473",4361,2
"1474",4362,2
"1475",4363,2
"1476",4364,2
"1477",4365,2
"1478",4366,6
"1479",4367,2
"1480",4369,2
"1481",4370,2
"1482",4371,2
"1483",4372,6
"1484",4390,10
"1485",4391,10
"1486",4392,10
"1487",4394,14
"1488",4396,14
"1489",4397,14
"1490",4398,14
"1491",4399,14
"1492",4400,14
"1493",4401,14
"1494",4402,26
"1495",4403,56
"1496",4404,56
"1497",4405,2
"1498",4406,2
"1499",4407,2
"1500",4408,2
"1501",4409,6
"1502",4410,2
"1503",4411,2
"1504",4412,2
"1505",4413,2
"1506",4414,6
"1507",4440,2
"1508",4441,2
"1509",4442,2
"1510",4443,2
"1511",4444,2
"1512",4445,2
"1513",4446,6
"1514",4453,2
"1515",4454,2
"1516",4455,2
"1517",4456,2
"1518",4457,2
"1519",4458,0
"1520",4459,2
"1521",4460,6
"1522",4461,2
"1523",4462,2
"1524",4463,2
"1525",4464,2
"1526",4465,2
"1527",4466,0
"1528",4467,2
"1529",4468,6
"1530",4469,2
"1531",4470,2
"1532",4471,2
"1533",4472,2
"1534",4473,2
"1535",4474,0
"1536",4475,2
"1537",4476,6
"1538",4477,2
"1539",4478,2
"1540",4479,2
"1541",4480,2
"1542",4481,2
"1543",4482,0
"1544",4483,2
"1545",4484,6
"1546",4486,2
"1547",4488,2
"1548",4489,2
"1549",4490,0
"1550",4491,2
"1551",4492,6
"1552",4494,2
"1553",4496,2
"1554",4497,2
"1555",4498,2
"1556",4499,6
"1557",4500,2
"1558",4501,2
"1559",4502,2
"1560",4503,2
"1561",4504,2
"1562",4505,0
"1563",4506,2
"1564",4507,6
"1565",4508,2
"1566",4509,2
"1567",4510,2
"1568",4511,2
"1569",4512,2
"1570",4513,6
"1571",4514,2
"1572",4515,2
"1573",4516,2
"1574",4517,2
"1575",4518,2
"1576",4519,2
"1577",4520,6
"1578",4521,2
"1579",4522,2
"1580",4523,2
"1581",4524,2
"1582",4525,2
"1583",4526,2
"1584",4527,6
"1585",4528,2
"1586",4529,2
"1587",4530,2
"1588",4531,2
"1589",4532,6
"1590",4533,2
"1591",4534,2
"1592",4535,2
"1593",4536,2
"1594",4537,6
"1595",4539,2
"1596",4541,2
"1597",4542,2
"1598",4543,2
"1599",4544,6
"1600",4545,2
"1601",4546,2
"1602",4547,2
"1603",4548,2
"1604",4549,2
"1605",4550,0
"1606",4551,2
"1607",4552,6
"1608",4553,2
"1609",4554,2
"1610",4555,2
"1611",4556,2
"1612",4557,6
"1613",4558,2
"1614",4559,2
"1615",4560,2
"1616",4561,2
"1617",4562,6
"1618",4563,2
"1619",4564,2
"1620",4565,2
"1621",4566,2
"1622",4567,2
"1623",4568,2
"1624",4569,6
"1625",4570,2
"1626",4571,2
"1627",4572,2
"1628",4573,2
"1629",4574,6
"1630",4575,2
"1631",4576,2
"1632",4577,2
"1633",4578,2
"1634",4579,6
"1635",4591,5
"1636",4622,2
"1637",4623,2
"1638",4624,2
"1639",4625,2
"1640",4626,6
"1641",4627,2
"1642",4632,2
"1643",4633,2
"1644",4634,2
"1645",4653,2
"1646",4654,2
"1647",4655,2
"1648",4656,2
"1649",4657,2
"1650",4658,2
"1651",4659,2
"1652",4660,2
"1653",4661,2
"1654",4662,2
"1655",4663,2
"1656",4664,6
"1657",4665,2
"1658",4666,2
"1659",4667,2
"1660",4668,2
"1661",4669,6
"1662",4670,2
"1663",4671,2
"1664",4672,2
"1665",4673,2
"1666",4674,2
"1667",4675,0
"1668",4676,2
"1669",4677,6
"1670",4688,2
"1671",4689,2
"1672",4690,2
"1673",4691,2
"1674",4692,6
"1675",4693,2
"1676",4694,2
"1677",4695,2
"1678",4696,2
"1679",4697,6
"1680",4698,2
"1681",4699,2
"1682",4700,2
"1683",4701,2
"1684",4702,6
"1685",4703,2
"1686",4704,2
"1687",4705,2
"1688",4706,2
"1689",4707,2
"1690",4708,2
"1691",4709,6
"1692",4710,2
"1693",4711,2
"1694",4712,2
"1695",4713,2
"1696",4714,2
"1697",4715,2
"1698",4716,6
"1699",4959,2
"1700",4960,2
"1701",4961,2
"1702",4962,2
"1703",4963,6
"1704",4968,2
"1705",4969,2
"1706",4970,2
"1707",4971,2
"1708",4972,6
"1709",4977,2
"1710",4978,2
"1711",4979,2
"1712",4980,2
"1713",4981,6
"1714",4986,2
"1715",4987,2
"1716",4988,2
"1717",4989,2
"1718",4990,6
"1719",5020,2
"1720",5021,2
"1721",5039,2
"1722",5151,2
"1723",5152,2
"1724",5154,2
"1725",5155,6
"1726",5156,2
"1727",5161,2
"1728",5169,4
"1729",5170,0
"1730",5446,2
"1731",5448,2
"1732",5450,0
"1733",5514,2
"1734",5518,2
"1735",5520,2
"1736",5522,2
"1737",5524,6
"1738",5526,2
"1739",5558,4
"1740",5658,6
"1741",6042,2
"1742",6044,2
"1743",6046,2
"1744",6048,2
"1745",6050,2
"1746",6054,2
"1747",6056,6
"1748",6066,2
"1749",6068,2
"1750",6070,2
"1751",6072,2
"1752",6074,2
"1753",6078,2
"1754",6080,6
"1755",6112,2
"1756",6114,2
"1757",6116,2
"1758",6118,2
"1759",6120,2
"1760",6122,2
"1761",6124,6
"1762",6134,2
"1763",6136,2
"1764",6138,2
"1765",6140,2
"1766",6142,2
"1767",6144,2
"1768",6146,6
"1769",6168,2
"1770",6170,2
"1771",6172,2
"1772",6174,2
"1773",6176,2
"1774",6178,2
"1775",6180,6
"1776",6182,2
"1777",6184,2
"1778",6186,2
"1779",6188,2
"1780",6190,2
"1781",6192,2
"1782",6194,6
"1783",6438,2
"1784",6440,2
"1785",6442,2
"1786",6444,2
"1787",6446,2
"1788",6448,2
"1789",6450,2
"1790",6452,2
"1791",6454,2
"1792",6456,2
"1793",6458,2
"1794",6470,2
"1795",6472,2
"1796",6474,2
"1797",6476,2
"1798",6478,6
"1799",6488,2
"1800",6518,2
"1801",6520,2
"1802",6522,2
"1803",6524,2
"1804",6526,6
"1805",6528,2
"1806",6546,2
"1807",6548,2
"1808",6550,2
"1809",6552,2
"1810",6554,6
"1811",6556,2
"1812",6568,2
"1813",6570,2
"1814",6572,2
"1815",6574,2
"1816",6576,6
"1817",6578,2
"1818",6590,2
"1819",6592,2
"1820",6594,2
"1821",6596,2
"1822",6598,6
"1823",6600,2
"1824",6610,2
"1825",6612,2
"1826",6632,2
"1827",6634,2
"1828",6636,2
"1829",6638,2
"1830",6640,6
"1831",6642,2
"1832",6658,6
"1833",6660,2
"1834",6676,2
"1835",6682,2
"1836",6684,2
"1837",6686,2
"1838",6688,2
"1839",6690,2
"1840",6692,2
"1841",6694,6
"1842",6696,2
"1843",6698,2
"1844",6700,2
"1845",6702,2
"1846",6704,2
"1847",6706,2
"1848",6708,6
"1849",6710,2
"1850",6712,2
"1851",6714,2
"1852",6716,2
"1853",6718,6
"1854",6720,2
"1855",6722,2
"1856",6724,2
"1857",6726,2
"1858",6728,6
"1859",6730,2
"1860",6732,2
"1861",6734,2
"1862",6736,2
"1863",6738,6
"1864",6740,2
"1865",6742,2
"1866",6744,2
"1867",6746,2
"1868",6748,2
"1869",6750,2
"1870",6752,6
"1871",6754,2
"1872",6756,2
"1873",6758,2
"1874",6760,2
"1875",6762,6
"1876",6764,2
"1877",6766,2
"1878",6768,2
"1879",6770,2
"1880",6772,2
"1881",6774,2
"1882",6776,6
"1883",6778,2
"1884",6780,2
"1885",6782,2
"1886",6784,2
"1887",6786,2
"1888",6788,2
"1889",6790,6
"1890",6792,2
"1891",6794,2
"1892",6796,2
"1893",6798,2
"1894",6800,2
"1895",6802,2
"1896",6804,6
"1897",6820,2
"1898",6822,2
"1899",6824,2
"1900",6826,2
"1901",6828,2
"1902",6830,2
"1903",6832,6
"1904",6834,2
"1905",6836,2
"1906",6838,2
"1907",6840,2
"1908",6842,6
"1909",6844,2
"1910",6846,2
"1911",6848,2
"1912",6850,2
"1913",6852,2
"1914",6854,2
"1915",6856,6
"1916",6858,2
"1917",6860,2
"1918",6862,2
"1919",6864,2
"1920",6866,6
"1921",6972,10
"1922",7032,22
"1923",7034,14
"1924",7036,34
"1925",7493,2
"1926",7495,2
"1927",7497,2
"1928",7499,2
"1929",7509,2
"1930",7511,2
"1931",7513,2
"1932",7515,2
"1933",7517,6
"1934",7525,2
"1935",7553,2
"1936",7555,2
"1937",7557,2
"1938",7559,2
"1939",7561,6
"1940",7591,2
"1941",7593,2
"1942",7595,2
"1943",7597,2
"1944",7599,2
"1945",7601,6
"1946",7631,2
"1947",7649,2
"1948",7651,2
"1949",7653,2
"1950",7655,2
"1951",7657,6
"1952",7669,2
"1953",7881,2
"1954",7883,2
"1955",7885,2
"1956",7887,2
"1957",7889,6
"1958",7899,2
"1959",7901,2
"1960",7903,2
"1961",7905,2
"1962",7907,2
"1963",7909,6
"1964",7919,2
"1965",7921,2
"1966",7925,2
"1967",7927,2
"1968",7929,2
"1969",7931,2
"1970",7933,6
"1971",7935,2
"1972",7947,2
"1973",7949,2
"1974",7951,2
"1975",7953,2
"1976",7955,6
"1977",7957,2
"1978",7967,2
"1979",7969,2
"1980",7971,2
"1981",7973,2
"1982",7975,6
"1983",7977,2
"1984",7987,2
"1985",7989,2
"1986",7991,2
"1987",7993,2
"1988",7995,6
"1989",8007,2
"1990",8009,2
"1991",8011,2
"1992",8013,2
"1993",8015,6
"1994",8017,2
"1995",8019,2
"1996",8029,2
"1997",8031,2
"1998",8033,2
"1999",8035,2
"2000",8037,6
"2001",8039,2
"2002",8049,2
"2003",8051,2
"2004",8053,2
"2005",8055,2
"2006",8057,2
"2007",8059,2
"2008",8061,6
"2009",8063,2
"2010",8073,2
"2011",8075,2
"2012",8077,2
"2013",8079,2
"2014",8081,6
"2015",8083,2
"2016",8085,2
"2017",8087,2
"2018",8095,2
"2019",8097,2
"2020",8099,2
"2021",8101,2
"2022",8103,2
"2023",8107,2
"2024",8109,6
"2025",8111,2
"2026",8121,2
"2027",8123,2
"2028",8125,2
"2029",8127,2
"2030",8129,2
"2031",8131,2
"2032",8133,6
"2033",8135,2
"2034",8145,2
"2035",8147,2
"2036",8149,2
"2037",8151,2
"2038",8153,2
"2039",8155,2
"2040",8157,6
"2041",8159,2
"2042",8169,2
"2043",8171,2
"2044",8173,2
"2045",8175,2
"2046",8177,6
"2047",8179,2
"2048",8189,0
"2049",8191,0
"2050",8193,2
"2051",8195,0
"2052",8197,0
"2053",8199,6
"2054",8201,2
"2055",8211,2
"2056",8213,2
"2057",8215,2
"2058",8217,2
"2059",8219,6
"2060",8221,2
"2061",8223,2
"2062",8225,2
"2063",8227,2
"2064",8229,6
"2065",8231,2
"2066",8241,2
"2067",8243,2
"2068",8245,2
"2069",8247,2
"2070",8249,6
"2071",8251,2
"2072",8261,2
"2073",8263,2
"2074",8265,2
"2075",8267,2
"2076",8269,2
"2077",8271,2
"2078",8273,6
"2079",8275,2
"2080",8285,2
"2081",8287,2
"2082",8289,2
"2083",8291,2
"2084",8293,2
"2085",8295,2
"2086",8297,6
"2087",8299,2
"2088",8327,2
"2089",8329,2
"2090",8331,2
"2091",8333,2
"2092",8335,2
"2093",8337,2
"2094",8339,6
"2095",8341,2
"2096",8351,2
"2097",8353,2
"2098",8355,2
"2099",8357,2
"2100",8359,6
"2101",8369,2
"2102",8371,2
"2103",8373,2
"2104",8375,2
"2105",8377,2
"2106",8379,2
"2107",8381,6
"2108",8383,2
"2109",8391,2
"2110",8393,2
"2111",8395,2
"2112",8397,2
"2113",8399,2
"2114",8401,2
"2115",8403,6
"2116",8405,2
"2117",8415,2
"2118",8417,2
"2119",8419,2
"2120",8421,2
"2121",8423,2
"2122",8425,2
"2123",8427,6
"2124",8429,2
"2125",8431,2
"2126",8433,2
"2127",8435,2
"2128",8437,2
"2129",8439,2
"2130",8441,6
"2131",8453,2
"2132",8455,2
"2133",8457,2
"2134",8459,2
"2135",8461,6
"2136",8463,2
"2137",8473,2
"2138",8475,2
"2139",8477,2
"2140",8479,2
"2141",8481,6
"2142",8483,2
"2143",8493,2
"2144",8495,2
"2145",8497,2
"2146",8499,2
"2147",8501,6
"2148",8503,2
"2149",8533,2
"2150",8535,2
"2151",8537,2
"2152",8539,2
"2153",8541,6
"2154",8543,2
"2155",8553,2
"2156",8555,2
"2157",8557,2
"2158",8559,2
"2159",8561,6
"2160",8569,2
"2161",8571,2
"2162",8573,2
"2163",8591,2
"2164",8593,2
"2165",8595,2
"2166",8689,2
"2167",9041,2
"2168",9043,2
"2169",9049,2
"2170",9051,2
"2171",9053,2
"2172",9055,2
"2173",9057,2
"2174",9059,2
"2175",9061,2
"2176",9063,6
"2177",9125,2
"2178",9127,2
"2179",9129,2
"2180",9131,2
"2181",9133,6
"2182",9135,2
"2183",9145,2
"2184",9149,2
"2185",9151,2
"2186",9153,2
"2187",9155,2
"2188",9165,10
"2189",9251,2
"2190",9297,2
"2191",9299,2
"2192",9301,2
"2193",9303,2
"2194",9305,6
